comment,source,title
2244,央视新闻,虎年首次重大主场外交活动 信息强劲
1194,央视网,春晚里的中国故事
4257,人民日报,翊鸣惊人！夺得银牌，创造历史
130,军事评论,加拿大首都全面失控，市长宣布进入紧急状态，却发现总理已经跑了
77,新华社,［北京冬奥会］2月6日北京冬奥会奖牌榜
343,中捷司法,高院再审改判！机动车与行人之间发生交通事故，机动车一方是否有权请求行人赔偿其因交通事故遭受的经济损失
2205,文汇网,渥太华宣布进入紧急状态，特鲁多已离开首都
3,新华网客户端,中国首金是怎样拿下的？
42,环球网,西方媒体挑刺北京冬奥，国际奥委会回应
3,新晚报,暂停城区内人员流动！黑河市发布4号公告！4例感染者轨迹公布K
27,新华网客户端,广西新增56例本土确诊病例
181,艺能八卦局,开幕式引导员美出圈！不愧是张艺谋钦点，眼中有光，颜值不输明星
2,九派天气通,河源市东源县发生3.0级地震
6,九派天气通,突发！3人死亡，1人失踪
2,人民网,冬奥会第二个比赛日决出六金
16,新华网客户端,广西百色全市全员居家隔离
317,会火,黄多多16岁生日照曝光！戴大金耳环十分贵气，眼睛下贴一排水钻
255,第一美食,正月初七开市，4种传统食物记得吃，有钱没钱都摆上，新年财运旺
51,盖饭娱乐官方号,48岁董卿近况曝光！打扮温柔酒店会友，门口等车站姿笔直显主持范
88,科罗廖夫,日本甘当炮灰，对俄威胁制裁！俄军亮出导弹，邀中方开发北方四岛
5119,人言二三,郭德纲与王梦婷的私生女瓜，大结局
43,小萝莉丫,回家过年，5天花了夫妻俩半年工资，女人：再也不敢回老家过年了
1336,,2月6日起 广西百色实施全市范围交通管制
17,军机图,美国羞辱过武契奇，如今中国的待客之道，让塞尔维亚总统找回面子
68,盖饭娱乐官方号,24岁金小妹喜得二胎！与男友至今未婚却已育两娃，身家高达58亿
3,武子哥专栏,山东：78岁大爷当新郎，迎娶46岁新娘引争议，网友：我又羡慕了
13,新华网客户端,春晚+冬奥，满满都是考点！这些“预备考题”，你能做出多少？
0,新民网,60秒瞰冬奥场馆｜国家冬季两项中心：来这里体验“静若处子、动若脱兔”的境界
7388,环球网,广西百色市：第一轮核酸检测初筛阳性98人 待复核87人
20,邬所不言,韩国人玻璃心稀碎！指责冬奥开幕“窃取”韩服，政客带头对华抗议
3,央视新闻,“年味儿”如何找？春节假日出游消费大盘点
2857,健康时报,广西百色43例确诊，98人初筛阳性，病例从深圳返乡，轨迹涉及多个区县
156,证券时报,大宗商品强势大涨！油价飙升带动化工品全线涨嗨，有色农产品抢眼，机构继续看涨一季度
26,Mon巧搭时尚,风衣里面穿什么？建议这4种内搭，遮肉又显瘦，关键还时髦上档次
1418,环球网,台湾女孩陈竹音：已准备把台湾户籍迁入大陆，放弃台湾健保
4,博文的小书屋,春节一桌剩菜怎么办？老汉连吃几日住进医院，隔夜饭不能被妖魔化
1,炒饭娱乐,72岁张艺谋冬奥幕后！与18位年轻女演员合影，万花丛中让人羡慕
11,盖饭娱乐官方号,贾乃亮被曝戴大金表去酒吧！现场明星网红扎堆，李小璐也在当地
55,总李谈车,国产宝马X5L价格泄露，如果价格可靠，未来能否引领降价潮？
1,傻姐美食,立春后，宁可不吃肉，也要多吃这5种春菜，鲜嫩营养高，别不懂吃
35,吴学华看天下,水门桥：麦克阿瑟怕到要用原子弹，杜鲁门不敢同意，他们各怕什么
12,优雅敦化市4w7,王梦婷为何不追究见好就收？因为她端的是金饭碗，没必要穷追猛打
51,大江网,路况早知道！江西境内多条高速入口封闭
0,新华社,蜀地雪“热”：春节假期冰雪运动游持续火爆
45,中国消费者报,一批2580元/瓶的“打孔”茅台被查扣！瓶身位置有一个黑点......
6,商界评说,如果有机会，请让张艺谋执导一次春晚
63,热荐电影,最丑周芷若来袭，新版《倚天屠龙记》续作跌至3.8分
122,找靓机,小米12买亏了？小米老旗舰12+256GB直降1759元，真香
44,猫眼娱乐,梅婷前夫罕露面，参加同学聚会发福明显，与李小冉分手后低调成婚
0,中国青年网,大学生寒假与父母如何相处，才能“相看两不厌”？
135,猫眼娱乐,金星过年被喊奶奶，打扮贵气十足宝石戒指抢镜，对孩子满眼疼爱
1,大头娱神,杜海涛沈梦辰带父母回老家过年，大家围着火炉取暖，打破分手传言
11,大嘴小厨房,蒸包子，记住要冷水上锅蒸！教你和面、发面、调馅方法，个个好吃
1,法苑群瑛,俄媒盛赞普京访华成就：得到“中国长城”的庇护，就不怕西方制裁
13,会火,69岁刘晓庆晒聚会照！打扮时尚皮肤白嫩，酒瓶上贴武则天头像
14,环球时报国际,令人叹惋！掉进井里的摩洛哥男孩不治身亡，各方表示哀悼
16,文汇网,新剧《梦中的那片海》官宣阵容，肖战饰演北京大院青年
0,舒晴教育,任子威夺冠后补交作业，却被老师踢出群聊，评论区叫人笑不活了
2,环球网,现场揭秘：金牌产生了为何不升国旗奏国歌？
66,封面新闻,“马钢炼铁厂4死2伤事故”家属：他是全家顶梁柱 退休后回钢厂打工补贴家用
254,Jimmy吉米,英女王要让出王位了
17,盖饭娱乐官方号,岳云鹏回老家过年包两大盘饺子，手法娴熟接地气，指挥亲友显地位
1026,新京报,出身音乐世家，冬奥开幕式吹号男孩朱德恩给自己打99.99分
11,华人佛教,正月初七“人日节”：来一条延续2000多年的人日祝福吧
3,守夜书生,隔壁日本网民对我们北京冬奥的评论是真的有趣
0,阳江政法,阳江新增15例境外输入确诊病例，市疾控中心发布返岗提醒
979,上观新闻,节后第一天，杨小平被查
15,全国党媒信息公共平台,被网友称为真人版“冰墩墩”，冬奥会开幕式上一岁萌娃滑雪实力圈粉 妈妈：她未学会走路就会滑雪了
14,小锋社会趣闻,男子去吃地锅鸡，吃出一米多长鸡脖，老板的回复让他感到气愤
437,环球网,广西百色新增“37+4”！今日起全域“不进不出”
576,澎湃新闻,她是常春藤学霸，她是华尔街白领，她是中国女冰门将周嘉鹰
0,光明网,广西新增56例本土确诊
